20054,Store E,16,193,401400,0,25088,2080,9/1/2011,9,2011,Thursday,69,226,600,1969,400,1312,13.93,0,87,NA,
20054,Store E,35,169,1094300,0,31266,6475,9/2/2011,9,2011,Friday,69,226,600,1969,400,1312,13.83,0,89,NA,
20054,Store E,37,182,1019100,0,27543,5599,9/3/2011,9,2011,Saturday,69,226,600,1969,400,1312,13.83,0,87,Cloudy,
20054,Store E,17,79,580000,0,34118,7342,9/4/2011,9,2011,Sunday,69,226,600,1969,400,1312,13.85,0,84,Cloudy,
20054,Store E,34,136,880000,0,25882,6471,9/5/2011,9,2011,Monday,69,226,600,1969,400,1312,13.85,0,82,Sunny,
20054,Store E,38,168,853700,0,22466,5082,9/6/2011,9,2011,Tuesday,69,226,600,1969,400,1312,13.9,0,82,Sunny,
20054,Store E,26,246,1165000,0,44808,4736,9/7/2011,9,2011,Wednesday,69,226,600,1969,400,1312,13.91,0,80,Cloudy,
20054,Store E,29,234,746700,0,25748,3191,9/8/2011,9,2011,Thursday,69,226,600,1969,400,1312,13.86,0,77,Cloudy,
20054,Store E,18,84,614700,0,34150,7318,9/9/2011,9,2011,Friday,69,226,600,1969,400,1312,13.87,0,69,Rainy,
20054,Store E,8,37,293200,0,36650,7924,9/10/2011,9,2011,Saturday,69,226,600,1969,400,1312,13.88,0,78,NA,
20054,Store E,25,162,769000,0,30760,4747,9/11/2011,9,2011,Sunday,69,226,600,1969,400,1312,13.87,0,73,Rainy,
20054,Store E,20,119,446400,0,22320,3751,9/12/2011,9,2011,Monday,69,226,600,1969,400,1312,13.87,0,80,Cloudy,
20054,Store E,23,165,793000,0,34478,4806,9/13/2011,9,2011,Tuesday,69,226,600,1969,400,1312,13.97,0,84,Cloudy,
20054,Store E,25,75,626500,0,25060,8353,9/14/2011,9,2011,Wednesday,69,226,600,1969,400,1312,13.96,0,84,NA,
20054,Store E,38,216,1116700,0,29387,5170,9/15/2011,9,2011,Thursday,69,226,600,1969,400,1312,14.23,0,86,NA,
20054,Store E,28,224,1082000,0,38643,4830,9/16/2011,9,2011,Friday,69,226,600,1969,400,1312,14.47,0,87,NA,
20054,Store E,22,216,1253200,0,56964,5802,9/17/2011,9,2011,Saturday,69,226,600,1969,400,1312,14.47,1,86,NA,
20054,Store E,21,127,788200,0,37533,6206,9/18/2011,9,2011,Sunday,69,226,600,1969,400,1312,14.45,1,78,Cloudy,
20054,Store E,34,243,1122300,0,33009,4619,9/19/2011,9,2011,Monday,69,226,600,1969,400,1312,14.44,1,66,Rainy,
20054,Store E,27,208,826000,0,30593,3971,9/20/2011,9,2011,Tuesday,69,226,600,1969,400,1312,14.73,0,73,Sunny,
20054,Store E,10,22,334000,0,33400,15182,9/21/2011,9,2011,Wednesday,69,226,600,1969,400,1312,14.92,0,75,Sunny,
20054,Store E,27,122,874100,0,32374,7165,9/22/2011,9,2011,Thursday,69,226,600,1969,400,1312,15.02,0,75,Sunny,
20054,Store E,26,251,1051500,0,40442,4189,9/23/2011,9,2011,Friday,69,226,600,1969,400,1312,15.34,1,77,NA,
20054,Store E,17,80,680400,0,40024,8505,9/24/2011,9,2011,Saturday,69,226,600,1969,400,1312,15.31,1,78,NA,
20054,Store E,28,238,1117000,0,39893,4693,9/25/2011,9,2011,Sunday,69,226,600,1969,400,1312,15.2,1,78,NA,
20054,Store E,29,183,1062200,0,36628,5804,9/26/2011,9,2011,Monday,69,226,600,1969,400,1312,15.2,0,80,NA,
20054,Store E,33,175,1053200,0,31915,6018,9/27/2011,9,2011,Tuesday,69,226,600,1969,400,1312,15.44,0,84,NA,
20054,Store E,19,104,684200,0,36011,6579,9/28/2011,9,2011,Wednesday,69,226,600,1969,400,1312,15.33,0,75,NA,
20054,Store E,14,78,616500,0,44036,7904,9/29/2011,9,2011,Thursday,69,226,600,1969,400,1312,15.24,0,66,Rainy,
20054,Store E,16,96,816000,0,51000,8500,9/30/2011,9,2011,Friday,69,226,600,1969,400,1312,15.34,0,66,Sunny,
20054,Store E,29,125,729500,0,25155,5836,10/1/2011,10,2011,Saturday,69,226,600,1969,400,1312,15.36,0,64,Sunny,
20054,Store E,16,124,620500,0,38781,5004,10/2/2011,10,2011,Sunday,69,226,600,1969,400,1312,15.37,0,64,Sunny,
20054,Store E,31,206,922000,0,29742,4476,10/3/2011,10,2011,Monday,69,226,600,1969,400,1312,15.4,0,68,Sunny,
20054,Store E,35,184,1266500,0,36186,6883,10/4/2011,10,2011,Tuesday,69,226,600,1969,400,1312,15.4,0,68,Sunny,
20054,Store E,20,116,739900,0,36995,6378,10/5/2011,10,2011,Wednesday,69,226,600,1969,400,1312,15.54,0,71,Sunny,
20054,Store E,26,103,1029000,0,39577,9990,10/6/2011,10,2011,Thursday,69,226,600,1969,400,1312,15.3,0,69,NA,
20054,Store E,17,69,790000,0,46471,11449,10/7/2011,10,2011,Friday,69,226,600,1969,400,1312,15.43,0,69,NA,
20054,Store E,38,243,1489900,0,39208,6131,10/8/2011,10,2011,Saturday,69,226,600,1969,400,1312,15.37,1,71,NA,
20054,Store E,17,142,512500,0,30147,3609,10/9/2011,10,2011,Sunday,69,226,600,1969,400,1312,15.37,1,71,NA,
20054,Store E,29,160,1243500,0,42879,7772,10/10/2011,10,2011,Monday,69,226,600,1969,400,1312,15.3,1,69,NA,
20054,Store E,27,193,1078000,0,39926,5585,10/11/2011,10,2011,Tuesday,69,226,600,1969,400,1312,15.18,0,69,NA,
20054,Store E,26,204,719000,0,27654,3525,10/12/2011,10,2011,Wednesday,69,226,600,1969,400,1312,15.26,0,64,NA,
20054,Store E,52,363,1988200,0,38235,5477,10/13/2011,10,2011,Thursday,69,226,600,1969,400,1312,15.18,0,73,NA,
20054,Store E,29,128,1236000,0,42621,9656,10/14/2011,10,2011,Friday,69,226,600,1969,400,1312,15.1,0,60,NA,
20054,Store E,35,301,1400000,0,40000,4651,10/15/2011,10,2011,Saturday,69,226,600,1969,400,1312,14.99,0,62,Rainy,
20054,Store E,27,224,1308000,0,48444,5839,10/16/2011,10,2011,Sunday,69,226,600,1969,400,1312,14.94,0,66,Rainy,
20054,Store E,36,279,1272500,0,35347,4561,10/17/2011,10,2011,Monday,69,226,600,1969,400,1312,14.94,0,57,Sunny,
20054,Store E,31,186,1267500,0,40887,6815,10/18/2011,10,2011,Tuesday,69,226,600,1969,400,1312,14.91,0,57,Sunny,
20054,Store E,36,309,1666700,0,46297,5394,10/19/2011,10,2011,Wednesday,69,226,600,1969,400,1312,14.93,0,68,Sunny,
20054,Store E,29,214,1328000,0,45793,6206,10/20/2011,10,2011,Thursday,69,226,600,1969,400,1312,14.81,0,69,Sunny,
20054,Store E,24,194,1759900,0,73329,9072,10/21/2011,10,2011,Friday,69,226,600,1969,400,1312,14.83,0,69,Cloudy,
20054,Store E,30,216,1439200,0,47973,6663,10/22/2011,10,2011,Saturday,69,226,600,1969,400,1312,14.93,0,71,Sunny,
20054,Store E,17,239,1537000,0,90412,6431,10/23/2011,10,2011,Sunday,69,226,600,1969,400,1312,15,0,71,NA,
20054,Store E,17,178,1123850,0,66109,6314,10/24/2011,10,2011,Monday,69,226,600,1969,400,1312,15.01,0,59,Rainy,
20054,Store E,25,146,949700,0,37988,6505,10/25/2011,10,2011,Tuesday,69,226,600,1969,400,1312,14.94,0,53,Sunny,
20054,Store E,29,299,1340500,0,46224,4483,10/26/2011,10,2011,Wednesday,69,226,600,1969,400,1312,14.85,0,59,Sunny,
20054,Store E,21,253,1725700,0,82176,6821,10/27/2011,10,2011,Thursday,69,226,600,1969,400,1312,14.87,0,66,NA,
20054,Store E,17,196,1145500,0,67382,5844,10/28/2011,10,2011,Friday,69,226,600,1969,400,1312,14.67,0,66,NA,
20054,Store E,23,226,1343700,0,58422,5946,10/29/2011,10,2011,Saturday,69,226,600,1969,400,1312,14.56,0,59,NA,
20054,Store E,24,248,1533500,0,63896,6183,10/30/2011,10,2011,Sunday,69,226,600,1969,400,1312,14.54,0,68,NA,
20054,Store E,17,247,1105900,0,65053,4477,10/31/2011,10,2011,Monday,69,226,600,1969,400,1312,14.54,0,73,NA,
20054,Store E,10,98,569500,0,56950,5811,11/1/2011,11,2011,Tuesday,69,226,600,1969,400,1312,14.24,0,71,NA,
20054,Store E,16,94,530000,0,33125,5638,11/2/2011,11,2011,Wednesday,69,226,600,1969,400,1312,14.31,0,69,NA,
20054,Store E,19,92,1182000,0,62211,12848,11/3/2011,11,2011,Thursday,69,226,600,1969,400,1312,14.33,0,73,NA,
20054,Store E,20,128,1306500,0,65325,10207,11/4/2011,11,2011,Friday,69,226,600,1969,400,1312,14.42,0,73,NA,
20054,Store E,21,104,590500,0,28119,5678,11/5/2011,11,2011,Saturday,69,226,600,1969,400,1312,14.4,0,77,Rainy,
20054,Store E,13,126,639500,0,49192,5075,11/6/2011,11,2011,Sunday,69,226,600,1969,400,1312,14.14,0,66,Rainy,
20054,Store E,18,149,1143000,0,63500,7671,11/7/2011,11,2011,Monday,69,226,600,1969,400,1312,14.15,0,64,Cloudy,
20054,Store E,34,345,2465900,0,72526,7148,11/8/2011,11,2011,Tuesday,69,226,600,1969,400,1312,14.25,0,64,NA,
20054,Store E,25,176,1394500,0,55780,7923,11/9/2011,11,2011,Wednesday,69,226,600,1969,400,1312,14.32,0,64,Cloudy,
20054,Store E,23,259,1933500,0,84065,7465,11/10/2011,11,2011,Thursday,69,226,600,1969,400,1312,14.37,0,62,Rainy,
20054,Store E,13,55,680200,0,52323,12367,11/11/2011,11,2011,Friday,69,226,600,1969,400,1312,14.52,0,57,Rainy,
20054,Store E,15,144,1094500,0,72967,7601,11/12/2011,11,2011,Saturday,69,226,600,1969,400,1312,14.56,0,60,Sunny,
20054,Store E,24,481,1752500,0,73021,3643,11/13/2011,11,2011,Sunday,69,226,600,1969,400,1312,14.61,0,60,NA,
20054,Store E,17,104,905500,0,53265,8707,11/14/2011,11,2011,Monday,69,226,600,1969,400,1312,14.6,0,50,Sunny,
20054,Store E,28,419,2042000,0,72929,4874,11/15/2011,11,2011,Tuesday,69,226,600,1969,400,1312,14.59,0,51,Sunny,
20054,Store E,15,113,1003000,0,66867,8876,11/16/2011,11,2011,Wednesday,69,226,600,1969,400,1312,14.62,0,59,NA,
20054,Store E,18,333,1160500,0,64472,3485,11/17/2011,11,2011,Thursday,69,226,600,1969,400,1312,14.71,0,62,NA,
20054,Store E,18,271,2046750,0,113708,7553,11/18/2011,11,2011,Friday,69,226,600,1969,400,1312,14.73,0,62,Rainy,
20054,Store E,17,124,1232000,0,72471,9935,11/19/2011,11,2011,Saturday,69,226,600,1969,400,1312,14.79,0,60,Cloudy,
20054,Store E,13,100,679500,0,52269,6795,11/20/2011,11,2011,Sunday,69,226,600,1969,400,1312,14.79,0,39,Sunny,
20054,Store E,18,165,1154000,0,64111,6994,11/21/2011,11,2011,Monday,69,226,600,1969,400,1312,14.79,0,42,Sunny,
20054,Store E,21,303,2995500,0,142643,9886,11/22/2011,11,2011,Tuesday,69,226,600,1969,400,1312,14.84,0,48,NA,
20054,Store E,9,130,702000,0,78000,5400,11/23/2011,11,2011,Wednesday,69,226,600,1969,400,1312,14.87,0,46,Rainy,
20054,Store E,18,186,1007700,0,55983,5418,11/24/2011,11,2011,Thursday,69,226,600,1969,400,1312,14.94,0,35,Sunny,
20054,Store E,23,172,1556500,0,67674,9049,11/25/2011,11,2011,Friday,69,226,600,1969,400,1312,15,0,42,Snowy,
20054,Store E,30,330,1087200,0,36240,3295,11/26/2011,11,2011,Saturday,69,226,600,1969,400,1312,14.98,0,53,NA,
20054,Store E,21,171,671900,0,31995,3929,11/27/2011,11,2011,Sunday,69,226,600,1969,400,1312,14.88,0,60,Cloudy,
20054,Store E,25,150,1054500,0,42180,7030,11/28/2011,11,2011,Monday,69,226,600,1969,400,1312,14.92,0,61,Rainy,
20054,Store E,22,182,1405250,0,63875,7721,11/29/2011,11,2011,Tuesday,69,226,600,1969,400,1312,14.82,0,56,Rainy,
20054,Store E,30,271,1254000,0,41800,4627,11/30/2011,11,2011,Wednesday,69,226,600,1969,400,1312,14.57,0,48,Rainy,
20054,Store E,14,147,902000,0,64429,6136,12/1/2011,12,2011,Thursday,69,226,600,1969,400,1312,14.65,0,50,Rainy,
20054,Store E,15,132,636500,0,42433,4822,12/2/2011,12,2011,Friday,69,226,600,1969,400,1312,14.56,0,46,Cloudy,
20054,Store E,12,101,449010,0,37418,4446,12/3/2011,12,2011,Saturday,69,226,600,1969,400,1312,14.49,0,48,Rainy,
20054,Store E,19,96,736500,0,38763,7672,12/4/2011,12,2011,Sunday,69,226,600,1969,400,1312,14.37,0,42,Sunny,
20054,Store E,20,84,700600,0,35030,8340,12/5/2011,12,2011,Monday,69,226,600,1969,400,1312,14.35,0,41,Sunny,
20054,Store E,16,83,899500,0,56219,10837,12/6/2011,12,2011,Tuesday,69,226,600,1969,400,1312,14.44,0,44,Cloudy,
20054,Store E,13,162,324000,0,24923,2000,12/7/2011,12,2011,Wednesday,69,226,600,1969,400,1312,14.52,0,44,Cloudy,
20054,Store E,15,79,666500,0,44433,8437,12/8/2011,12,2011,Thursday,69,226,600,1969,400,1312,14.5,0,41,Cloudy,
20054,Store E,18,174,916900,0,50939,5270,12/9/2011,12,2011,Friday,69,226,600,1969,400,1312,14.56,0,35,Snowy,
20054,Store E,14,209,580400,0,41457,2777,12/10/2011,12,2011,Saturday,69,226,600,1969,400,1312,14.68,0,35,Snowy,
20054,Store E,23,422,2053000,0,89261,4865,12/11/2011,12,2011,Sunday,69,226,600,1969,400,1312,14.75,0,44,Rainy,
20054,Store E,26,141,846800,0,32569,6006,12/12/2011,12,2011,Monday,69,226,600,1969,400,1312,14.74,0,45,NA,
20054,Store E,19,88,679600,0,35768,7723,12/13/2011,12,2011,Tuesday,69,226,600,1969,400,1312,14.74,0,43,Sunny,
20054,Store E,17,88,520800,0,30635,5918,12/14/2011,12,2011,Wednesday,69,226,600,1969,400,1312,14.72,0,47,Rainy,
20054,Store E,33,347,1124700,0,34082,3241,12/15/2011,12,2011,Thursday,69,226,600,1969,400,1312,14.86,0,32,Sunny,
20054,Store E,27,229,1579800,0,58511,6899,12/16/2011,12,2011,Friday,69,226,600,1969,400,1312,14.84,0,25,Sunny,
20054,Store E,13,166,569200,0,43785,3429,12/17/2011,12,2011,Saturday,69,226,600,1969,400,1312,14.85,0,32,Cloudy,
20054,Store E,19,126,990200,0,52116,7859,12/18/2011,12,2011,Sunday,69,226,600,1969,400,1312,14.85,0,35,NA,
20054,Store E,32,387,1168600,0,36519,3020,12/19/2011,12,2011,Monday,69,226,600,1969,400,1312,14.85,0,37,Cloudy,
20054,Store E,15,154,510800,0,34053,3317,12/20/2011,12,2011,Tuesday,69,226,600,1969,400,1312,14.99,0,40,Rainy,
20054,Store E,14,160,811200,0,57943,5070,12/21/2011,12,2011,Wednesday,69,226,600,1969,400,1312,14.95,0,43,Snowy,
20054,Store E,15,95,670500,0,44700,7058,12/22/2011,12,2011,Thursday,69,226,600,1969,400,1312,14.78,0,36,Sunny,
20054,Store E,15,162,1017800,0,67853,6283,12/23/2011,12,2011,Friday,69,226,600,1969,400,1312,14.75,1,33,Snowy,
20054,Store E,23,150,2092700,0,90987,13951,12/24/2011,12,2011,Saturday,69,226,600,1969,400,1312,14.72,1,27,Snowy,
20054,Store E,12,84,375800,0,31317,4474,12/25/2011,12,2011,Sunday,69,226,600,1969,400,1312,14.69,1,25,Sunny,
20054,Store E,11,90,298900,0,27173,3321,12/26/2011,12,2011,Monday,69,226,600,1969,400,1312,14.69,0,25,Sunny,
20054,Store E,9,93,400200,0,44467,4303,12/27/2011,12,2011,Tuesday,69,226,600,1969,400,1312,14.7,0,32,Cloudy,
20054,Store E,19,221,885500,0,46605,4007,12/28/2011,12,2011,Wednesday,69,226,600,1969,400,1312,14.79,0,37,NA,
20054,Store E,23,193,1240100,0,53917,6425,12/29/2011,12,2011,Thursday,69,226,600,1969,400,1312,14.85,0,33,NA,
20054,Store E,24,226,902000,0,37583,3991,12/30/2011,12,2011,Friday,69,226,600,1969,400,1312,14.85,0,33,NA,
20054,Store E,20,261,1602400,0,80120,6139,12/31/2011,12,2011,Saturday,69,226,600,1969,400,1312,14.95,0,35,NA,
20054,Store E,22,264,1231200,0,55964,4664,1/1/2012,1,2012,Sunday,69,226,600,1969,400,1312,15.07,0,32,Snowy,
20054,Store E,14,66,476000,0,34000,7212,1/2/2012,1,2012,Monday,69,226,600,1969,400,1312,15.07,0,30,NA,
20054,Store E,13,106,484900,0,37300,4575,1/3/2012,1,2012,Tuesday,69,226,600,1969,400,1312,15.02,0,33,Snowy,
20054,Store E,29,232,1547700,0,53369,6671,1/4/2012,1,2012,Wednesday,69,226,600,1969,400,1312,14.95,0,26,NA,
20054,Store E,28,259,1190400,0,42514,4596,1/5/2012,1,2012,Thursday,69,226,600,1969,400,1312,14.95,0,30,Sunny,
20054,Store E,32,178,1773200,0,55413,9962,1/6/2012,1,2012,Friday,69,226,600,1969,400,1312,14.98,0,33,Snowy,
20054,Store E,14,49,553600,0,39543,11298,1/7/2012,1,2012,Saturday,69,226,600,1969,400,1312,15.01,1,33,NA,
20054,Store E,19,230,694300,0,36542,3019,1/8/2012,1,2012,Sunday,69,226,600,1969,400,1312,15.06,1,33,NA,
20054,Store E,20,124,1036000,0,51800,8355,1/9/2012,1,2012,Monday,69,226,600,1969,400,1312,15.07,1,35,NA,
20054,Store E,16,127,971800,0,60738,7652,1/10/2012,1,2012,Tuesday,69,226,600,1969,400,1312,15.09,0,35,NA,
20054,Store E,17,123,959300,0,56429,7799,1/11/2012,1,2012,Wednesday,69,226,600,1969,400,1312,15.03,0,28,Sunny,
20054,Store E,17,133,992700,0,58394,7464,1/12/2012,1,2012,Thursday,69,226,600,1969,400,1312,15.05,0,32,Snowy,
20054,Store E,15,72,753000,0,50200,10458,1/13/2012,1,2012,Friday,69,226,600,1969,400,1312,15.02,0,37,NA,
20054,Store E,17,225,682400,0,40141,3033,1/14/2012,1,2012,Saturday,69,226,600,1969,400,1312,14.96,0,37,NA,
20054,Store E,17,116,2134700,0,125571,18403,1/15/2012,1,2012,Sunday,69,226,600,1969,400,1312,14.94,0,32,Sunny,
20054,Store E,21,233,1380800,0,65752,5926,1/16/2012,1,2012,Monday,69,226,600,1969,400,1312,14.94,0,44,NA,
20054,Store E,19,80,710200,0,37379,8878,1/17/2012,1,2012,Tuesday,69,226,600,1969,400,1312,15,0,44,Sunny,
20054,Store E,15,347,1231500,0,82100,3549,1/18/2012,1,2012,Wednesday,69,226,600,1969,400,1312,14.91,0,39,NA,
20054,Store E,20,142,1101200,0,55060,7755,1/19/2012,1,2012,Thursday,69,226,600,1969,400,1312,14.84,0,44,Rainy,
20054,Store E,12,68,374800,0,31233,5512,1/20/2012,1,2012,Friday,69,226,600,1969,400,1312,14.76,0,46,Rainy,
20054,Store E,16,191,644900,0,40306,3376,1/21/2012,1,2012,Saturday,69,226,600,1969,400,1312,14.68,0,42,NA,
20054,Store E,12,51,608700,0,50725,11935,1/22/2012,1,2012,Sunday,69,226,600,1969,400,1312,14.7,0,24,NA,
20054,Store E,11,150,447400,0,40673,2983,1/23/2012,1,2012,Monday,69,226,600,1969,400,1312,14.7,0,23,Sunny,
20054,Store E,12,201,266900,0,22242,1328,1/24/2012,1,2012,Tuesday,69,226,600,1969,400,1312,14.7,0,28,Snowy,
20054,Store E,7,21,148500,0,21214,7071,1/25/2012,1,2012,Wednesday,69,226,600,1969,400,1312,14.58,0,24,Sunny,
20054,Store E,30,265,1236650,0,41222,4667,1/26/2012,1,2012,Thursday,69,226,600,1969,400,1312,14.47,0,38,Snowy,
20054,Store E,21,314,1344250,0,64012,4281,1/27/2012,1,2012,Friday,69,226,600,1969,400,1312,14.43,0,41,NA,
20054,Store E,37,450,1477700,0,39938,3284,1/28/2012,1,2012,Saturday,69,226,600,1969,400,1312,14.56,0,37,Sunny,
20054,Store E,30,540,1537700,0,51257,2848,1/29/2012,1,2012,Sunday,69,226,600,1969,400,1312,14.57,0,37,Sunny,
20054,Store E,32,263,2277300,0,71166,8659,1/30/2012,1,2012,Monday,69,226,600,1969,400,1312,14.58,0,29,Sunny,
20054,Store E,20,209,719700,0,35985,3444,1/31/2012,1,2012,Tuesday,69,226,600,1969,400,1312,14.68,0,29,Snowy,
20054,Store E,15,239,1006100,0,67073,4210,2/1/2012,2,2012,Wednesday,69,226,600,1969,400,1312,14.71,0,20,Sunny,3168
20054,Store E,18,228,706200,0,39233,3097,2/2/2012,2,2012,Thursday,69,226,600,1969,400,1312,14.75,0,16,Sunny,2743
20054,Store E,29,391,1097800,0,37855,2808,2/3/2012,2,2012,Friday,69,226,600,1969,400,1312,14.71,0,30,Snowy,2841
20054,Store E,19,177,1617300,0,85121,9137,2/4/2012,2,2012,Saturday,69,226,600,1969,400,1312,14.63,0,35,NA,4267
20054,Store E,22,195,955500,0,43432,4900,2/5/2012,2,2012,Sunday,69,226,600,1969,400,1312,14.51,0,40,Sunny,4626
20054,Store E,22,251,1108800,0,50400,4418,2/6/2012,2,2012,Monday,69,226,600,1969,400,1312,14.55,0,42,NA,4069
20054,Store E,38,470,1582000,0,41632,3366,2/7/2012,2,2012,Tuesday,69,226,600,1969,400,1312,14.6,0,32,Sunny,
20054,Store E,22,193,898550,0,40843,4656,2/8/2012,2,2012,Wednesday,69,226,600,1969,400,1312,14.57,0,25,Snowy,
20054,Store E,30,461,1752400,0,58413,3801,2/9/2012,2,2012,Thursday,69,226,600,1969,400,1312,14.48,0,34,Snowy,
20054,Store E,13,128,1173350,0,90258,9167,2/10/2012,2,2012,Friday,69,226,600,1969,400,1312,14.44,0,36,Sunny,
20054,Store E,38,286,1852800,0,48758,6478,2/11/2012,2,2012,Saturday,69,226,600,1969,400,1312,14.44,0,34,Sunny,
20054,Store E,35,360,2537310,0,72495,7048,2/12/2012,2,2012,Sunday,69,226,600,1969,400,1312,14.46,0,40,Sunny,
20054,Store E,24,220,1039300,0,43304,4724,2/13/2012,2,2012,Monday,69,226,600,1969,400,1312,14.45,0,46,NA,
20054,Store E,18,235,1097800,0,60989,4671,2/14/2012,2,2012,Tuesday,69,226,600,1969,400,1312,14.42,0,45,NA,3819
20054,Store E,27,125,908900,0,33663,7271,2/15/2012,2,2012,Wednesday,69,226,600,1969,400,1312,14.41,0,36,NA,4064
20054,Store E,34,241,1509250,0,44390,6262,2/16/2012,2,2012,Thursday,69,226,600,1969,400,1312,14.31,0,36,Sunny,3569
20054,Store E,16,242,571200,0,35700,2360,2/17/2012,2,2012,Friday,69,226,600,1969,400,1312,14.35,0,28,Sunny,4248
20054,Store E,35,264,2777101,0,79346,10519,2/18/2012,2,2012,Saturday,69,226,600,1969,400,1312,14.2,0,27,Sunny,5102
20054,Store E,20,246,1435800,0,71790,5837,2/19/2012,2,2012,Sunday,69,226,600,1969,400,1312,14.14,0,34,Sunny,4951
20054,Store E,41,597,1875900,0,45754,3142,2/20/2012,2,2012,Monday,69,226,600,1969,400,1312,14.13,0,41,Sunny,4836
20054,Store E,24,561,1328400,0,55350,2368,2/21/2012,2,2012,Tuesday,69,226,600,1969,400,1312,14.09,0,42,NA,4671
20054,Store E,33,389,1446000,0,43818,3717,2/22/2012,2,2012,Wednesday,69,226,600,1969,400,1312,14.09,0,54,NA,4664
20054,Store E,40,310,1581500,0,39538,5102,2/23/2012,2,2012,Thursday,69,226,600,1969,400,1312,14.06,0,46,NA,3936
20054,Store E,28,387,2132800,0,76171,5511,2/24/2012,2,2012,Friday,69,226,600,1969,400,1312,14.06,0,50,NA,3606
20054,Store E,17,136,784000,0,46118,5765,2/25/2012,2,2012,Saturday,69,226,600,1969,400,1312,13.98,0,41,Cloudy,4788
20054,Store E,25,448,898200,0,35928,2005,2/26/2012,2,2012,Sunday,69,226,600,1969,400,1312,13.83,0,37,Sunny,4457
20054,Store E,28,463,1458250,0,52080,3150,2/27/2012,2,2012,Monday,69,226,600,1969,400,1312,13.83,0,41,Sunny,3879
20054,Store E,30,441,1320200,0,44007,2994,2/28/2012,2,2012,Tuesday,69,226,600,1969,400,1312,13.93,0,44,Sunny,3430
20054,Store E,33,475,2333800,0,70721,4913,2/29/2012,2,2012,Wednesday,69,226,600,1969,400,1312,13.98,0,50,Sunny,3361
20054,Store E,31,313,1608050,0,51873,5138,3/1/2012,3,2012,Thursday,69,226,600,1969,400,1312,13.89,0,57,Cloudy,3009
20054,Store E,27,443,1815700,0,67248,4099,3/2/2012,3,2012,Friday,69,226,600,1969,400,1312,13.77,0,50,NA,4040
20054,Store E,19,215,1070600,0,56347,4980,3/3/2012,3,2012,Saturday,69,226,600,1969,400,1312,13.68,0,53,Sunny,4889
20054,Store E,15,71,607400,0,40493,8555,3/4/2012,3,2012,Sunday,69,226,600,1969,400,1312,13.61,0,50,Rainy,4024
20054,Store E,24,256,1286301,0,53596,5025,3/5/2012,3,2012,Monday,69,226,600,1969,400,1312,13.46,0,48,Rainy,4107
20054,Store E,20,271,1327000,0,66350,4897,3/6/2012,3,2012,Tuesday,69,226,600,1969,400,1312,13.6,0,41,Rainy,4140
20054,Store E,24,445,1920600,0,80025,4316,3/7/2012,3,2012,Wednesday,69,226,600,1969,400,1312,13.82,0,42,Sunny,4188
20054,Store E,21,266,1030300,0,49062,3873,3/8/2012,3,2012,Thursday,69,226,600,1969,400,1312,13.89,0,42,NA,3277
20054,Store E,37,416,1577700,530550,42641,3793,3/9/2012,3,2012,Friday,69,226,600,1969,400,1312,13.72,0,46,NA,3962
20054,Store E,47,639,2275533,915870,48416,3561,3/10/2012,3,2012,Saturday,69,226,600,1969,400,1312,13.62,0,46,Sunny,5026
20054,Store E,41,341,1921860,461190,46875,5636,3/11/2012,3,2012,Sunday,69,226,600,1969,400,1312,13.52,0,35,Snowy,5226
20054,Store E,30,269,2046500,0,68217,7608,3/12/2012,3,2012,Monday,69,226,600,1969,400,1312,13.52,0,37,Sunny,5063
20054,Store E,38,396,2078600,0,54700,5249,3/13/2012,3,2012,Tuesday,69,226,600,1969,400,1312,13.62,0,44,NA,4473
20054,Store E,18,110,742200,0,41233,6747,3/14/2012,3,2012,Wednesday,69,226,600,1969,400,1312,13.6,0,42,NA,4195
20054,Store E,21,264,1707300,0,81300,6467,3/15/2012,3,2012,Thursday,69,226,600,1969,400,1312,13.51,0,53,Sunny,3707
20054,Store E,25,376,1705100,0,68204,4535,3/16/2012,3,2012,Friday,69,226,600,1969,400,1312,13.46,0,55,Rainy,3737
20054,Store E,21,299,2738500,0,130405,9159,3/17/2012,3,2012,Saturday,69,226,600,1969,400,1312,13.46,0,60,Rainy,
20054,Store E,19,220,1861300,0,97963,8460,3/18/2012,3,2012,Sunday,69,226,600,1969,400,1312,13.47,0,51,Sunny,
20054,Store E,26,418,2520100,0,96927,6029,3/19/2012,3,2012,Monday,69,226,600,1969,400,1312,13.47,0,44,Sunny,
20054,Store E,16,243,888900,0,55556,3658,3/20/2012,3,2012,Tuesday,69,226,600,1969,400,1312,13.47,0,46,Sunny,
20054,Store E,34,138,1251100,0,36797,9066,3/21/2012,3,2012,Wednesday,69,226,600,1969,400,1312,13.46,0,50,Sunny,
20054,Store E,29,299,1564900,0,53962,5234,3/22/2012,3,2012,Thursday,69,226,600,1969,400,1312,13.47,0,50,Cloudy,
20054,Store E,16,326,943600,0,58975,2894,3/23/2012,3,2012,Friday,69,226,600,1969,400,1312,13.62,0,44,Cloudy,
20054,Store E,26,200,1180500,0,45404,5903,3/24/2012,3,2012,Saturday,69,226,600,1969,400,1312,13.72,0,46,Snowy,
20054,Store E,24,222,1480000,0,61667,6667,3/25/2012,3,2012,Sunday,69,226,600,1969,400,1312,13.64,0,46,Sunny,
20054,Store E,15,332,1260100,0,84007,3795,3/26/2012,3,2012,Monday,69,226,600,1969,400,1312,13.46,0,46,Sunny,
20054,Store E,23,185,1803900,0,78430,9751,3/27/2012,3,2012,Tuesday,69,226,600,1969,400,1312,13.61,0,53,Cloudy,
20054,Store E,19,236,731210,0,38485,3098,3/28/2012,3,2012,Wednesday,69,226,600,1969,400,1312,13.67,0,60,Cloudy,
20054,Store E,41,490,1974400,0,48156,4029,3/29/2012,3,2012,Thursday,69,226,600,1969,400,1312,13.69,0,60,Cloudy,
20054,Store E,17,153,1412100,0,83065,9229,3/30/2012,3,2012,Friday,69,226,600,1969,400,1312,13.78,0,53,Cloudy,
20054,Store E,24,169,1522000,0,63417,9006,3/31/2012,3,2012,Saturday,69,226,600,1969,400,1312,13.77,0,51,Sunny,
20054,Store E,27,276,1457800,0,53993,5282,4/1/2012,4,2012,Sunday,69,226,600,1969,400,1312,13.64,0,48,Sunny,
20054,Store E,31,467,2707700,0,87345,5798,4/2/2012,4,2012,Monday,69,226,600,1969,400,1312,13.63,0,60,Rainy,
20054,Store E,22,270,1476100,0,67095,5467,4/3/2012,4,2012,Tuesday,69,226,600,1969,400,1312,13.64,0,48,Rainy,
20054,Store E,31,242,1904800,0,61445,7871,4/4/2012,4,2012,Wednesday,69,226,600,1969,400,1312,13.67,0,53,Sunny,
20054,Store E,25,125,1573400,0,62936,12587,4/5/2012,4,2012,Thursday,69,226,600,1969,400,1312,13.66,0,51,Sunny,
20054,Store E,19,157,1630700,0,85826,10387,4/6/2012,4,2012,Friday,69,226,600,1969,400,1312,13.72,0,50,Sunny,
20054,Store E,21,151,1204100,0,57338,7974,4/7/2012,4,2012,Saturday,69,226,600,1969,400,1312,13.75,0,53,Sunny,
20054,Store E,22,160,1532800,0,69673,9580,4/8/2012,4,2012,Sunday,69,226,600,1969,400,1312,13.79,0,62,Sunny,
20054,Store E,18,176,1327000,0,73722,7540,4/9/2012,4,2012,Monday,69,226,600,1969,400,1312,13.86,0,69,Sunny,
20054,Store E,11,115,800700,0,72791,6963,4/10/2012,4,2012,Tuesday,69,226,600,1969,400,1312,13.84,0,62,Rainy,
20054,Store E,23,168,1826610,0,79418,10873,4/11/2012,4,2012,Wednesday,69,226,600,1969,400,1312,13.95,0,64,Rainy,
20054,Store E,10,130,1547700,0,154770,11905,4/12/2012,4,2012,Thursday,69,226,600,1969,400,1312,14.13,0,55,Cloudy,
20054,Store E,19,434,1568470,418380,82551,3614,4/13/2012,4,2012,Friday,69,226,600,1969,400,1312,14.08,0,59,Sunny,
20054,Store E,37,434,1245250,407250,33655,2869,4/14/2012,4,2012,Saturday,69,226,600,1969,400,1312,13.99,0,59,Cloudy,
20054,Store E,42,671,2370800,779700,56448,3533,4/15/2012,4,2012,Sunday,69,226,600,1969,400,1312,13.96,0,68,Cloudy,
20054,Store E,24,405,1681600,0,70067,4152,4/16/2012,4,2012,Monday,69,226,600,1969,400,1312,13.79,0,62,Cloudy,
20054,Store E,28,325,2675100,0,95539,8231,4/17/2012,4,2012,Tuesday,69,226,600,1969,400,1312,14.01,0,64,Sunny,
20054,Store E,28,460,1594300,0,56939,3466,4/18/2012,4,2012,Wednesday,69,226,600,1969,400,1312,14.09,0,68,Sunny,
20054,Store E,27,159,1031400,0,38200,6487,4/19/2012,4,2012,Thursday,69,226,600,1969,400,1312,13.99,0,75,Cloudy,
20054,Store E,34,487,2283450,0,67160,4689,4/20/2012,4,2012,Friday,69,226,600,1969,400,1312,13.97,0,73,Cloudy,
20054,Store E,38,826,2726500,0,71750,3301,4/21/2012,4,2012,Saturday,69,226,600,1969,400,1312,13.94,0,64,Rainy,
20054,Store E,20,350,1446600,0,72330,4133,4/22/2012,4,2012,Sunday,69,226,600,1969,400,1312,13.95,0,53,Rainy,
20054,Store E,20,387,1416000,0,70800,3659,4/23/2012,4,2012,Monday,69,226,600,1969,400,1312,13.94,0,66,Cloudy,
20054,Store E,20,290,1386200,0,69310,4780,4/24/2012,4,2012,Tuesday,69,226,600,1969,400,1312,14.04,0,80,Cloudy,
20054,Store E,16,155,925200,0,57825,5969,4/25/2012,4,2012,Wednesday,69,226,600,1969,400,1312,14.04,0,68,Rainy,
20054,Store E,24,279,1719400,0,71642,6163,4/26/2012,4,2012,Thursday,69,226,600,1969,400,1312,13.99,0,60,Cloudy,
20054,Store E,15,136,1035800,0,69053,7616,4/27/2012,4,2012,Friday,69,226,600,1969,400,1312,14,0,69,Sunny,
20054,Store E,11,57,319400,0,29036,5604,4/28/2012,4,2012,Saturday,69,226,600,1969,400,1312,14.02,1,69,Cloudy,
20054,Store E,11,199,1223700,0,111245,6149,4/29/2012,4,2012,Sunday,69,226,600,1969,400,1312,14.08,1,77,Cloudy,
20054,Store E,9,90,499000,0,55444,5544,4/30/2012,4,2012,Monday,69,226,600,1969,400,1312,14.08,1,84,Sunny,
20054,Store E,16,131,927700,0,57981,7082,5/1/2012,5,2012,Tuesday,69,226,600,1969,400,1312,14.1,0,80,Sunny,2444
20054,Store E,14,226,714500,0,51036,3162,5/2/2012,5,2012,Wednesday,69,226,600,1969,400,1312,14.12,0,82,Sunny,3727
20054,Store E,20,377,1354000,0,67700,3592,5/3/2012,5,2012,Thursday,69,226,600,1969,400,1312,14.07,1,77,Sunny,5936
20054,Store E,27,442,2136300,0,79122,4833,5/4/2012,5,2012,Friday,69,226,600,1969,400,1312,14.07,1,77,Sunny,2535
20054,Store E,20,167,1751200,0,87560,10486,5/5/2012,5,2012,Saturday,69,226,600,1969,400,1312,14.13,1,75,Sunny,1205
20054,Store E,13,136,1136500,0,87423,8357,5/6/2012,5,2012,Sunday,69,226,600,1969,400,1312,14.03,1,73,Sunny,2966
20054,Store E,21,272,1139100,0,54243,4188,5/7/2012,5,2012,Monday,69,226,600,1969,400,1312,13.9,0,75,Sunny,3907
20054,Store E,9,70,457200,0,50800,6531,5/8/2012,5,2012,Tuesday,69,226,600,1969,400,1312,14.15,0,82,Sunny,2661
20054,Store E,14,214,1155300,0,82521,5399,5/9/2012,5,2012,Wednesday,69,226,600,1969,400,1312,14.23,0,78,Sunny,2461
20054,Store E,9,176,819200,27600,91022,4655,5/10/2012,5,2012,Thursday,69,226,600,1969,400,1312,14.31,0,78,Sunny,2341
20054,Store E,35,538,1623580,523320,46388,3018,5/11/2012,5,2012,Friday,69,226,600,1969,400,1312,14.31,0,68,Cloudy,2735
20054,Store E,44,679,2620840,606360,59565,3860,5/12/2012,5,2012,Saturday,69,226,600,1969,400,1312,14.34,0,69,Cloudy,3497
20054,Store E,39,615,2022460,483240,51858,3289,5/13/2012,5,2012,Sunday,69,226,600,1969,400,1312,14.35,0,75,Cloudy,3793
20054,Store E,44,404,2144600,0,48741,5308,5/14/2012,5,2012,Monday,69,226,600,1969,400,1312,14.35,0,62,Rainy,3881
20054,Store E,22,199,1281500,0,58250,6440,5/15/2012,5,2012,Tuesday,69,226,600,1969,400,1312,14.39,0,69,Cloudy,3152
20054,Store E,28,409,1845800,0,65921,4513,5/16/2012,5,2012,Wednesday,69,226,600,1969,400,1312,14.42,0,69,Sunny,2518
20054,Store E,19,188,1087600,0,57242,5785,5/17/2012,5,2012,Thursday,69,226,600,1969,400,1312,14.48,0,68,Rainy,2844
20054,Store E,25,193,2097700,0,83908,10869,5/18/2012,5,2012,Friday,69,226,600,1969,400,1312,14.54,0,75,Sunny,3682
20054,Store E,30,323,1529910,0,50997,4737,5/19/2012,5,2012,Saturday,69,226,600,1969,400,1312,14.74,0,77,Sunny,3822
20054,Store E,28,517,2655000,3600,94821,5135,5/20/2012,5,2012,Sunday,69,226,600,1969,400,1312,14.76,0,80,Sunny,3748
20054,Store E,31,479,3467100,0,111842,7238,5/21/2012,5,2012,Monday,69,226,600,1969,400,1312,14.76,0,84,Sunny,3108
20054,Store E,20,216,1864300,3600,93215,8631,5/22/2012,5,2012,Tuesday,69,226,600,1969,400,1312,14.72,0,82,Sunny,3720
20054,Store E,31,179,2019600,0,65148,11283,5/23/2012,5,2012,Wednesday,69,226,600,1969,400,1312,14.61,0,80,Sunny,3033
20054,Store E,28,277,1751200,6900,62543,6322,5/24/2012,5,2012,Thursday,69,226,600,1969,400,1312,14.74,0,73,Sunny,3104
20054,Store E,16,210,1328900,0,83056,6328,5/25/2012,5,2012,Friday,69,226,600,1969,400,1312,14.81,0,78,Sunny,3849
20054,Store E,34,444,3982200,19200,117124,8969,5/26/2012,5,2012,Saturday,69,226,600,1969,400,1312,14.85,0,80,Sunny,4724
20054,Store E,39,448,2353600,9600,60349,5254,5/27/2012,5,2012,Sunday,69,226,600,1969,400,1312,14.85,0,71,Rainy,4230
20054,Store E,20,190,1431800,0,71590,7536,5/28/2012,5,2012,Monday,69,226,600,1969,400,1312,14.73,0,78,Rainy,2411
20054,Store E,23,237,1961800,0,85296,8278,5/29/2012,5,2012,Tuesday,69,226,600,1969,400,1312,14.67,0,77,Sunny,3339
20054,Store E,16,308,1838700,0,114919,5970,5/30/2012,5,2012,Wednesday,69,226,600,1969,400,1312,14.8,0,77,Rainy,3266
20054,Store E,28,288,2467000,9600,88107,8566,5/31/2012,5,2012,Thursday,69,226,600,1969,400,1312,14.86,0,78,Cloudy,2751
20054,Store E,29,541,1936430,625470,66773,3579,6/1/2012,6,2012,Friday,69,226,600,1969,400,1312,14.98,0,78,Sunny,3125
20054,Store E,32,472,1683000,633000,52594,3566,6/2/2012,6,2012,Saturday,69,226,600,1969,400,1312,15.07,0,80,Sunny,3674
20054,Store E,30,522,1470640,544770,49021,2817,6/3/2012,6,2012,Sunday,69,226,600,1969,400,1312,15.14,0,80,Sunny,3220
20054,Store E,20,271,1424100,0,71205,5255,6/4/2012,6,2012,Monday,69,226,600,1969,400,1312,15.02,0,82,Cloudy,2923
20054,Store E,16,210,1354100,0,84631,6448,6/5/2012,6,2012,Tuesday,69,226,600,1969,400,1312,15.11,0,78,cloudy,3165
20054,Store E,13,71,527800,0,40600,7434,6/6/2012,6,2012,Wednesday,69,226,600,1969,400,1312,15.02,0,82,cloudy,2669
20054,Store E,11,228,713700,0,64882,3130,6/7/2012,6,2012,Thursday,69,226,600,1969,400,1312,14.86,0,82,Sunny,3608
20054,Store E,19,363,2157100,0,113532,5942,6/8/2012,6,2012,Friday,69,226,600,1969,400,1312,14.7,0,80,Sunny,4283
20054,Store E,34,294,2866600,4500,84312,9750,6/9/2012,6,2012,Saturday,69,226,600,1969,400,1312,14.75,0,84,cloudy,4461
20054,Store E,35,482,2182200,0,62349,4527,6/10/2012,6,2012,Sunday,69,226,600,1969,400,1312,14.56,0,80,Sunny,4572
20054,Store E,21,265,1219900,18000,58090,4603,6/11/2012,6,2012,Monday,69,226,600,1969,400,1312,14.39,0,82,cloudy,3188
20054,Store E,15,308,1382500,0,92167,4489,6/12/2012,6,2012,Tuesday,69,226,600,1969,400,1312,14.53,0,86,cloudy,3134
20054,Store E,19,227,2677200,18000,140905,11794,6/13/2012,6,2012,Wednesday,69,226,600,1969,400,1312,14.71,0,82,Sunny,3006
20054,Store E,14,154,1335200,4500,95371,8670,6/14/2012,6,2012,Thursday,69,226,600,1969,400,1312,14.66,0,87,Sunny,3394
20054,Store E,26,207,964200,17200,37085,4658,6/15/2012,6,2012,Friday,69,226,600,1969,400,1312,14.68,0,82,Sunny,4615
20054,Store E,27,268,2257500,0,83611,8424,6/16/2012,6,2012,Saturday,69,226,600,1969,400,1312,14.73,0,84,cloudy,5129
20054,Store E,27,287,2137500,21600,79167,7448,6/17/2012,6,2012,Sunday,69,226,600,1969,400,1312,14.58,0,84,Sunny,4139
20054,Store E,20,301,1921300,5900,96065,6383,6/18/2012,6,2012,Monday,69,226,600,1969,400,1312,14.43,0,84,Sunny,2911
20054,Store E,18,152,1365500,13200,75861,8984,6/19/2012,6,2012,Tuesday,69,226,600,1969,400,1312,14.49,0,91,Sunny,3263
20054,Store E,16,112,1070600,4500,66913,9559,6/20/2012,6,2012,Wednesday,69,226,600,1969,400,1312,14.62,0,87,rainy,3080
20054,Store E,17,194,1348200,23900,79306,6949,6/21/2012,6,2012,Thursday,69,226,600,1969,400,1312,14.55,0,87,Sunny,3778
20054,Store E,21,257,2189900,0,104281,8521,6/22/2012,6,2012,Friday,69,226,600,1969,400,1312,14.42,0,82,Sunny,4749
20054,Store E,29,488,2878250,20900,99250,5898,6/23/2012,6,2012,Saturday,69,226,600,1969,400,1312,14.39,0,86,rainy,4329
20054,Store E,17,220,1228400,13800,72259,5584,6/24/2012,6,2012,Sunday,69,226,600,1969,400,1312,14.17,0,91,Sunny,4265
20054,Store E,19,359,1898800,20800,99937,5289,6/25/2012,6,2012,Monday,69,226,600,1969,400,1312,14.38,0,89,Sunny,2809
20054,Store E,14,184,1482600,34200,105900,8058,6/26/2012,6,2012,Tuesday,69,226,600,1969,400,1312,14.51,0,87,Sunny,3714
20054,Store E,21,471,1590600,0,75743,3377,6/27/2012,6,2012,Wednesday,69,226,600,1969,400,1312,14.56,0,86,Sunny,3400
20054,Store E,19,274,1590400,4500,83705,5804,6/28/2012,6,2012,Thursday,69,226,600,1969,400,1312,14.52,0,84,Sunny,3244
20054,Store E,24,362,2600800,14600,108367,7185,6/29/2012,6,2012,Friday,69,226,600,1969,400,1312,14.53,0,87,rainy,3721
20054,Store E,24,433,2832200,9600,118008,6541,6/30/2012,6,2012,Saturday,69,226,600,1969,400,1312,14.54,0,75,rainy,4313
20054,Store E,26,218,1670400,16000,64246,7662,7/1/2012,7,2012,Sunday,69,226,600,1969,400,1312,14.15,0,77,cloudy,4848
20054,Store E,18,222,2136200,45000,118678,9623,7/2/2012,7,2012,Monday,69,226,600,1969,400,1312,13.95,0,84,cloudy,3055
20054,Store E,12,234,570200,0,47517,2437,7/3/2012,7,2012,Tuesday,69,226,600,1969,400,1312,14.21,0,78,rainy,3535
20054,Store E,18,226,1416600,9000,78700,6268,7/4/2012,7,2012,Wednesday,69,226,600,1969,400,1312,14.25,0,78,cloudy,3549
20054,Store E,12,114,650500,5400,54208,5706,7/5/2012,7,2012,Thursday,69,226,600,1969,400,1312,14.22,0,77,rainy,3665
20054,Store E,36,655,2485310,1038990,69036,3794,7/6/2012,7,2012,Friday,69,226,600,1969,400,1312,14.2,0,73,rainy,4466
20054,Store E,41,416,2167250,800250,52860,5210,7/7/2012,7,2012,Saturday,69,226,600,1969,400,1312,14.25,0,86,Sunny,5122
20054,Store E,61,1055,3707540,1133660,60779,3514,7/8/2012,7,2012,Sunday,69,226,600,1969,400,1312,14.23,0,86,Sunny,5051
20054,Store E,26,206,1799400,4500,69208,8735,7/9/2012,7,2012,Monday,69,226,600,1969,400,1312,14.11,0,87,cloudy,3463
20054,Store E,14,143,1016700,13500,72621,7110,7/10/2012,7,2012,Tuesday,69,226,600,1969,400,1312,14.24,0,84,rainy,3337
20054,Store E,23,315,2413900,9000,104952,7663,7/11/2012,7,2012,Wednesday,69,226,600,1969,400,1312,14.36,0,78,rainy,3700
20054,Store E,14,337,1607250,0,114804,4769,7/12/2012,7,2012,Thursday,69,226,600,1969,400,1312,14.36,0,82,rainy,3084
20054,Store E,21,173,1693300,0,80633,9788,7/13/2012,7,2012,Friday,69,226,600,1969,400,1312,14.47,0,84,rainy,3159
20054,Store E,25,388,2263900,0,90556,5835,7/14/2012,7,2012,Saturday,69,226,600,1969,400,1312,14.5,1,78,rainy,4462
20054,Store E,20,579,3472400,5900,173620,5997,7/15/2012,7,2012,Sunday,69,226,600,1969,400,1312,14.3,1,69,rainy,2858
20054,Store E,15,286,1442700,0,96180,5044,7/16/2012,7,2012,Monday,69,226,600,1969,400,1312,14.13,1,77,rainy,2008
20054,Store E,16,82,1180500,0,73781,14396,7/17/2012,7,2012,Tuesday,69,226,600,1969,400,1312,14.38,0,86,rainy,1853
20054,Store E,16,120,626000,5900,39125,5217,7/18/2012,7,2012,Wednesday,69,226,600,1969,400,1312,14.47,0,84,rainy,1731
20054,Store E,11,198,1411600,0,128327,7129,7/19/2012,7,2012,Thursday,69,226,600,1969,400,1312,14.45,0,80,rainy,2041
20054,Store E,5,23,342700,0,68540,14900,7/20/2012,7,2012,Friday,69,226,600,1969,400,1312,14.47,0,84,Sunny,2676
20054,Store E,18,181,1225200,22000,68067,6769,7/21/2012,7,2012,Saturday,69,226,600,1969,400,1312,14.51,0,87,Sunny,3667
20054,Store E,14,282,704000,0,50286,2496,7/22/2012,7,2012,Sunday,69,226,600,1969,400,1312,14.5,0,87,rainy,3563
20054,Store E,19,297,1606400,0,84547,5409,7/23/2012,7,2012,Monday,69,226,600,1969,400,1312,14.54,0,87,Cloudy,2454
20054,Store E,20,198,1673800,4200,83690,8454,7/24/2012,7,2012,Tuesday,69,226,600,1969,400,1312,14.65,0,87,Cloudy,2571
20054,Store E,15,228,919000,5400,61267,4031,7/25/2012,7,2012,Wednesday,69,226,600,1969,400,1312,14.66,0,87,Sunny,3201
20054,Store E,13,193,889900,0,68454,4611,7/26/2012,7,2012,Thursday,69,226,600,1969,400,1312,14.69,0,87,Cloudy,3016
20054,Store E,20,275,2607200,11800,130360,9481,7/27/2012,7,2012,Friday,69,226,600,1969,400,1312,14.66,0,89,Sunny,2869
20054,Store E,16,99,1721800,0,107613,17392,7/28/2012,7,2012,Saturday,69,226,600,1969,400,1312,14.54,0,89,Sunny,3176
20054,Store E,12,150,1300800,0,108400,8672,7/29/2012,7,2012,Sunday,69,226,600,1969,400,1312,14.5,0,91,Sunny,3500
20054,Store E,19,146,1707700,0,89879,11697,7/30/2012,7,2012,Monday,69,226,600,1969,400,1312,14.33,0,87,Rainy,2198
20054,Store E,17,142,1092200,0,64247,7692,7/31/2012,7,2012,Tuesday,69,226,600,1969,400,1312,14.41,0,89,Sunny,2627
20054,Store E,15,102,1080100,9000,72007,10589,8/1/2012,8,2012,Wednesday,69,226,600,1969,400,1312,14.46,0,95,Cloudy,2957
20054,Store E,12,172,1314200,9000,109517,7641,8/2/2012,8,2012,Thursday,69,226,600,1969,400,1312,14.41,0,96,Sunny,2781
20054,Store E,24,214,2211200,10800,92133,10333,8/3/2012,8,2012,Friday,69,226,600,1969,400,1312,14.42,0,96,Sunny,2028
20054,Store E,17,113,1314800,9500,77341,11635,8/4/2012,8,2012,Saturday,69,226,600,1969,400,1312,14.46,0,96,Sunny,2168
20054,Store E,12,147,1208600,0,100717,8222,8/5/2012,8,2012,Sunday,69,226,600,1969,400,1312,14.33,0,96,Sunny,2730
20054,Store E,8,154,604700,4500,75588,3927,8/6/2012,8,2012,Monday,69,226,600,1969,400,1312,14.03,0,95,Sunny,2515
20054,Store E,15,190,1056400,0,70427,5560,8/7/2012,8,2012,Tuesday,69,226,600,1969,400,1312,14.25,0,95,Rainy,3106
20054,Store E,22,254,1483400,4200,67427,5840,8/8/2012,8,2012,Wednesday,69,226,600,1969,400,1312,14.36,0,93,Sunny,2987
20054,Store E,14,87,924100,11300,66007,10622,8/9/2012,8,2012,Thursday,69,226,600,1969,400,1312,14.37,0,95,Sunny,2966
20054,Store E,19,91,1037800,5400,54621,11404,8/10/2012,8,2012,Friday,69,226,600,1969,400,1312,14.34,0,84,Rainy,2275
20054,Store E,22,226,1042500,8000,47386,4613,8/11/2012,8,2012,Saturday,69,226,600,1969,400,1312,14.41,0,87,Cloudy,3664
20054,Store E,19,128,1175400,0,61863,9183,8/12/2012,8,2012,Sunday,69,226,600,1969,400,1312,14.43,0,82,Rainy,4893
20054,Store E,12,209,1860500,0,155042,8902,8/13/2012,8,2012,Monday,69,226,600,1969,400,1312,14.44,0,91,Rainy,3643
20054,Store E,19,292,2117900,27900,111468,7253,8/14/2012,8,2012,Tuesday,69,226,600,1969,400,1312,14.41,0,87,Rainy,3521
20054,Store E,17,280,1795600,0,105624,6413,8/15/2012,8,2012,Wednesday,69,226,600,1969,400,1312,14.38,0,80,Rainy,4631
20054,Store E,12,151,1306900,0,108908,8655,8/16/2012,8,2012,Thursday,69,226,600,1969,400,1312,14.36,0,84,Sunny,4406
20054,Store E,52,638,2998640,1103460,57666,4700,8/17/2012,8,2012,Friday,69,226,600,1969,400,1312,14.3,0,89,Cloudy,3618
20054,Store E,35,428,2294700,540850,65563,5361,8/18/2012,8,2012,Saturday,69,226,600,1969,400,1312,14.28,0,84,Rainy,3769
20054,Store E,42,361,2575550,1027050,61323,7134,8/19/2012,8,2012,Sunday,69,226,600,1969,400,1312,14.26,0,87,Rainy,4768
20054,Store E,19,238,1346500,0,70868,5658,8/20/2012,8,2012,Monday,69,226,600,1969,400,1312,14.26,0,80,Rainy,4178
20054,Store E,23,587,2710300,18000,117839,4617,8/21/2012,8,2012,Tuesday,69,226,600,1969,400,1312,14.27,0,84,Rainy,3626
20054,Store E,14,203,949700,0,67836,4678,8/22/2012,8,2012,Wednesday,69,226,600,1969,400,1312,14.23,0,75,Rainy,3295
20054,Store E,14,82,971300,4200,69379,11845,8/23/2012,8,2012,Thursday,69,226,600,1969,400,1312,14.24,0,78,Cloudy,3133
20054,Store E,15,150,906000,0,60400,6040,8/24/2012,8,2012,Friday,69,226,600,1969,400,1312,14.39,0,80,Rainy,2765
20054,Store E,16,123,669500,0,41844,5443,8/25/2012,8,2012,Saturday,69,226,600,1969,400,1312,14.42,0,84,Rainy,3594
20054,Store E,17,159,1673800,0,98459,10527,8/26/2012,8,2012,Sunday,69,226,600,1969,400,1312,14.3,0,89,Cloudy,6488
20054,Store E,29,330,2276000,0,78483,6897,8/27/2012,8,2012,Monday,69,226,600,1969,400,1312,14.12,0,91,Cloudy,5387
20054,Store E,17,222,1655100,0,97359,7455,8/28/2012,8,2012,Tuesday,69,226,600,1969,400,1312,14.3,0,84,Rainy,4533
20054,Store E,11,78,362600,0,32964,4649,8/29/2012,8,2012,Wednesday,69,226,600,1969,400,1312,14.44,0,84,Rainy,4436
20054,Store E,28,439,2991800,0,106850,6815,8/30/2012,8,2012,Thursday,69,226,600,1969,400,1312,14.42,0,75,Rainy,3997
20054,Store E,29,239,2011600,0,69366,8417,8/31/2012,8,2012,Friday,69,226,600,1969,400,1312,14.41,0,82,Sunny,2718
20054,Store E,14,173,1462600,0,104471,8454,9/1/2012,9,2012,Saturday,69,226,600,1969,400,1312,14.44,0,82,Sunny,3543
20054,Store E,17,173,1438200,0,84600,8313,9/2/2012,9,2012,Sunday,69,226,600,1969,400,1312,14.4,0,84,Sunny,5250
20054,Store E,21,229,1106600,0,52695,4832,9/3/2012,9,2012,Monday,69,226,600,1969,400,1312,14.44,0,82,Sunny,4036
20054,Store E,16,179,1208100,0,75506,6749,9/4/2012,9,2012,Tuesday,69,226,600,1969,400,1312,14.45,0,73,Rainy,3686
20054,Store E,15,118,787100,0,52473,6670,9/5/2012,9,2012,Wednesday,69,226,600,1969,400,1312,14.44,0,77,Rainy,6226
20054,Store E,11,81,464300,0,42209,5732,9/6/2012,9,2012,Thursday,69,226,600,1969,400,1312,14.47,0,78,Sunny,3448
20054,Store E,55,925,2953180,1042220,53694,3193,9/7/2012,9,2012,Friday,69,226,600,1969,400,1312,14.42,0,80,Cloudy,4374
20054,Store E,37,585,2167970,808130,58594,3706,9/8/2012,9,2012,Saturday,69,226,600,1969,400,1312,14.35,0,73,Rainy,4886
20054,Store E,62,1317,5350590,1894160,86300,4063,9/9/2012,9,2012,Sunday,69,226,600,1969,400,1312,14.28,0,77,Cloudy,4923
20054,Store E,31,444,1996100,9000,64390,4496,9/10/2012,9,2012,Monday,69,226,600,1969,400,1312,14,0,80,Sunny,3936
20054,Store E,16,377,1451300,0,90706,3850,9/11/2012,9,2012,Tuesday,69,226,600,1969,400,1312,14.26,0,82,Sunny,3984
20054,Store E,26,294,2695300,0,103665,9168,9/12/2012,9,2012,Wednesday,69,226,600,1969,400,1312,14.45,0,77,Cloudy,3601
20054,Store E,33,344,2993000,6900,90697,8701,9/13/2012,9,2012,Thursday,69,226,600,1969,400,1312,14.46,0,69,Rainy,2668
20054,Store E,32,362,2316600,0,72394,6399,9/14/2012,9,2012,Friday,69,226,600,1969,400,1312,14.51,0,69,Rainy,3175
20054,Store E,36,200,2132400,4500,59233,10662,9/15/2012,9,2012,Saturday,69,226,600,1969,400,1312,14.36,1,77,Cloudy,4434
20054,Store E,35,477,3051100,0,87174,6396,9/16/2012,9,2012,Sunday,69,226,600,1969,400,1312,14.14,1,71,Rainy,3207
20054,Store E,15,201,2648400,0,176560,13176,9/17/2012,9,2012,Monday,69,226,600,1969,400,1312,14.23,1,64,Rainy,3962
20054,Store E,16,208,1255200,0,78450,6035,9/18/2012,9,2012,Tuesday,69,226,600,1969,400,1312,14.21,0,75,Cloudy,3649
20054,Store E,20,223,1179500,4500,58975,5289,9/19/2012,9,2012,Wednesday,69,226,600,1969,400,1312,14.2,0,77,Sunny,2655
20054,Store E,20,276,2022600,4500,101130,7328,9/20/2012,9,2012,Thursday,69,226,600,1969,400,1312,14.17,0,75,Rainy,2829
20054,Store E,24,366,2349800,0,97908,6420,9/21/2012,9,2012,Friday,69,226,600,1969,400,1312,14.3,0,75,Cloudy,2851
20054,Store E,32,394,1984000,0,62000,5036,9/22/2012,9,2012,Saturday,69,226,600,1969,400,1312,14.3,1,78,Sunny,3169
20054,Store E,27,333,2951100,0,109300,8862,9/23/2012,9,2012,Sunday,69,226,600,1969,400,1312,14.19,1,78,Cloudy,3195
20054,Store E,20,251,3328400,4200,166420,13261,9/24/2012,9,2012,Monday,69,226,600,1969,400,1312,14.3,1,80,Sunny,4327
20054,Store E,20,378,1840800,0,92040,4870,9/25/2012,9,2012,Tuesday,69,226,600,1969,400,1312,14.35,0,80,Sunny,3676
20054,Store E,22,249,2158000,0,98091,8667,9/26/2012,9,2012,Wednesday,69,226,600,1969,400,1312,14.36,0,77,Sunny,2535
20054,Store E,19,203,1847500,0,97237,9101,9/27/2012,9,2012,Thursday,69,226,600,1969,400,1312,14.39,0,73,Cloudy,1633
20054,Store E,22,245,1656100,0,75277,6760,9/28/2012,9,2012,Friday,69,226,600,1969,400,1312,14.37,0,71,Rainy,1732
20054,Store E,20,74,1050000,0,52500,14189,9/29/2012,9,2012,Saturday,69,226,600,1969,400,1312,14.32,0,66,Rainy,1886
20054,Store E,19,114,734700,0,38668,6445,9/30/2012,9,2012,Sunday,69,226,600,1969,400,1312,14.19,0,68,Sunny,1656
20054,Store E,18,206,970900,0,53939,4713,10/1/2012,10,2012,Monday,69,226,600,1969,400,1312,14.06,0,73,Sunny,1219
20054,Store E,23,271,1290000,0,56087,4760,10/2/2012,10,2012,Tuesday,69,226,600,1969,400,1312,14.19,0,75,Sunny,
20054,Store E,12,192,1249000,0,104083,6505,10/3/2012,10,2012,Wednesday,69,226,600,1969,400,1312,14.24,0,77,Sunny,
20054,Store E,25,223,1899150,0,75966,8516,10/4/2012,10,2012,Thursday,69,226,600,1969,400,1312,14.2,0,75,Cloudy,
20054,Store E,24,364,1506640,520160,62777,4139,10/5/2012,10,2012,Friday,69,226,600,1969,400,1312,14.16,0,71,Sunny,
20054,Store E,46,548,3675880,1203520,79910,6708,10/6/2012,10,2012,Saturday,69,226,600,1969,400,1312,14.12,1,75,Sunny,
20054,Store E,33,586,3971470,1152830,120348,6777,10/7/2012,10,2012,Sunday,69,226,600,1969,400,1312,14.09,1,75,Sunny,
20054,Store E,22,325,2275800,0,103445,7002,10/8/2012,10,2012,Monday,69,226,600,1969,400,1312,13.89,1,73,Sunny,2539
20054,Store E,11,56,895900,0,81445,15998,10/9/2012,10,2012,Tuesday,69,226,600,1969,400,1312,14.03,0,71,Cloudy,2897
20054,Store E,18,140,1126200,0,62567,8044,10/10/2012,10,2012,Wednesday,69,226,600,1969,400,1312,14.18,0,69,Rainy,2482
20054,Store E,20,212,1618350,0,80918,7634,10/11/2012,10,2012,Thursday,69,226,600,1969,400,1312,14.22,0,66,Sunny,2101
20054,Store E,30,293,2603900,0,86797,8887,10/12/2012,10,2012,Friday,69,226,600,1969,400,1312,14.22,0,69,Sunny,3964
20054,Store E,32,458,3830300,0,119697,8363,10/13/2012,10,2012,Saturday,69,226,600,1969,400,1312,14.16,0,73,Sunny,3274
20054,Store E,21,345,3962500,73500,188690,11486,10/14/2012,10,2012,Sunday,69,226,600,1969,400,1312,14.04,0,69,Cloudy,3728
20054,Store E,19,229,1632200,0,85905,7128,10/15/2012,10,2012,Monday,69,226,600,1969,400,1312,14.14,0,68,Sunny,2711
20054,Store E,26,330,2436700,27600,93719,7384,10/16/2012,10,2012,Tuesday,69,226,600,1969,400,1312,14.13,0,75,Cloudy,3038
20054,Store E,12,202,1317900,0,109825,6524,10/17/2012,10,2012,Wednesday,69,226,600,1969,400,1312,14.03,0,62,Rainy,2596
20054,Store E,37,232,1988800,8400,53751,8572,10/18/2012,10,2012,Thursday,69,226,600,1969,400,1312,14.01,0,60,Sunny,2431
20054,Store E,22,252,2069200,0,94055,8211,10/19/2012,10,2012,Friday,69,226,600,1969,400,1312,13.94,0,66,Sunny,2961
20054,Store E,28,361,3164300,0,113011,8765,10/20/2012,10,2012,Saturday,69,226,600,1969,400,1312,13.92,0,68,Cloudy,3561
20054,Store E,33,193,1665400,0,50467,8629,10/21/2012,10,2012,Sunday,69,226,600,1969,400,1312,13.78,0,73,Cloudy,3561
20054,Store E,17,318,2458600,18000,144624,7731,10/22/2012,10,2012,Monday,69,226,600,1969,400,1312,13.82,0,64,Rainy,2842
20054,Store E,26,236,2277800,0,87608,9652,10/23/2012,10,2012,Tuesday,69,226,600,1969,400,1312,13.85,0,57,Sunny,2957
20054,Store E,18,306,1990300,9000,110572,6504,10/24/2012,10,2012,Wednesday,69,226,600,1969,400,1312,13.8,0,64,Sunny,2297
20054,Store E,32,343,3149400,0,98419,9182,10/25/2012,10,2012,Thursday,69,226,600,1969,400,1312,13.81,0,68,Sunny,2635
20054,Store E,19,221,2358800,0,124147,10673,10/26/2012,10,2012,Friday,69,226,600,1969,400,1312,13.72,0,69,Cloudy,3027
20054,Store E,26,279,3498300,0,134550,12539,10/27/2012,10,2012,Saturday,69,226,600,1969,400,1312,13.7,0,62,Rainy,3043
20054,Store E,24,190,1507800,0,62825,7936,10/28/2012,10,2012,Sunday,69,226,600,1969,400,1312,13.62,0,64,Sunny,2798
20054,Store E,17,163,1503100,0,88418,9221,10/29/2012,10,2012,Monday,69,226,600,1969,400,1312,13.41,0,59,Cloudy,2349
20054,Store E,17,279,1936800,9000,113929,6942,10/30/2012,10,2012,Tuesday,69,226,600,1969,400,1312,13.61,0,51,Sunny,2137
20054,Store E,15,146,578800,0,38587,3964,10/31/2012,10,2012,Wednesday,69,226,600,1969,400,1312,13.71,0,51,Rainy,1628
20054,Store E,9,179,774100,0,86011,4325,11/1/2012,11,2012,Thursday,69,226,600,1969,400,1312,13.66,0,50,Sunny,1857
20054,Store E,35,650,2137160,701640,61062,3288,11/2/2012,11,2012,Friday,69,226,600,1969,400,1312,13.62,0,51,Sunny,1870
20054,Store E,34,514,3062450,1096250,90072,5958,11/3/2012,11,2012,Saturday,69,226,600,1969,400,1312,13.57,0,57,Sunny,2178
20054,Store E,26,485,2140240,796560,82317,4413,11/4/2012,11,2012,Sunday,69,226,600,1969,400,1312,13.46,0,59,Rainy,2112
20054,Store E,14,361,970460,352340,69319,2688,11/5/2012,11,2012,Monday,69,226,600,1969,400,1312,13.38,0,51,Rainy,2302
20054,Store E,14,117,954500,4500,68179,8158,11/6/2012,11,2012,Tuesday,69,226,600,1969,400,1312,13.58,0,48,Rainy,2017
20054,Store E,16,163,1978900,0,123681,12140,11/7/2012,11,2012,Wednesday,69,226,600,1969,400,1312,13.58,0,53,Sunny,1926
20054,Store E,14,149,1345000,0,96071,9027,11/8/2012,11,2012,Thursday,69,226,600,1969,400,1312,13.55,0,57,Cloudy,2052
20054,Store E,18,197,944100,4500,52450,4792,11/9/2012,11,2012,Friday,69,226,600,1969,400,1312,13.63,0,55,Cloudy,2639
20054,Store E,25,334,1551700,0,62068,4646,11/10/2012,11,2012,Saturday,69,226,600,1969,400,1312,13.69,0,59,Cloudy,2730
20054,Store E,19,249,1363200,0,71747,5475,11/11/2012,11,2012,Sunday,69,226,600,1969,400,1312,13.53,0,55,Rainy,2435
20054,Store E,13,52,841700,0,64746,16187,11/12/2012,11,2012,Monday,69,226,600,1969,400,1312,13.31,0,48,Rainy,2317
20054,Store E,13,97,467300,0,35946,4818,11/13/2012,11,2012,Tuesday,69,226,600,1969,400,1312,13.54,0,48,Snowy,2356
20054,Store E,12,166,702100,0,58508,4230,11/14/2012,11,2012,Wednesday,69,226,600,1969,400,1312,13.71,0,42,Snowy,1760
20054,Store E,12,138,805400,0,67117,5836,11/15/2012,11,2012,Thursday,69,226,600,1969,400,1312,13.59,0,48,Sunny,2172
20054,Store E,16,144,2007800,0,125488,13943,11/16/2012,11,2012,Friday,69,226,600,1969,400,1312,13.44,0,48,Rainy,4056
20054,Store E,29,317,2023400,0,69772,6383,11/17/2012,11,2012,Saturday,69,226,600,1969,400,1312,13.43,0,46,Rainy,3262
20054,Store E,22,108,1963600,0,89255,18181,11/18/2012,11,2012,Sunday,69,226,600,1969,400,1312,13.38,0,44,Sunny,2359
20054,Store E,22,244,1477100,0,67141,6054,11/19/2012,11,2012,Monday,69,226,600,1969,400,1312,13.42,0,46,Rainy,2617
20054,Store E,14,324,1535200,0,109657,4738,11/20/2012,11,2012,Tuesday,69,226,600,1969,400,1312,13.38,0,42,Sunny,2159
20054,Store E,21,142,1021000,0,48619,7190,11/21/2012,11,2012,Wednesday,69,226,600,1969,400,1312,13.29,0,46,Cloudy,3059
20054,Store E,15,251,2517500,0,167833,10030,11/22/2012,11,2012,Thursday,69,226,600,1969,400,1312,13.17,0,50,Rainy,3318
20054,Store E,18,150,2114700,4500,117483,14098,11/23/2012,11,2012,Friday,69,226,600,1969,400,1312,13.13,1,41,Sunny,3771
20054,Store E,31,440,3826100,0,123423,8696,11/24/2012,11,2012,Saturday,69,226,600,1969,400,1312,13.18,1,42,Sunny,1783
20054,Store E,20,164,1682700,0,84135,10260,11/25/2012,11,2012,Sunday,69,226,600,1969,400,1312,13,1,44,Rainy,2713
20054,Store E,13,133,2219050,0,170696,16685,11/26/2012,11,2012,Monday,69,226,600,1969,400,1312,12.83,0,41,Snowy,2489
20054,Store E,12,143,970700,0,80892,6788,11/27/2012,11,2012,Tuesday,69,226,600,1969,400,1312,13.07,0,42,Sunny,2485
20054,Store E,22,282,1484950,18000,67498,5266,11/28/2012,11,2012,Wednesday,69,226,600,1969,400,1312,13.2,0,51,Rainy,2431
20054,Store E,16,225,1104700,0,69044,4910,11/29/2012,11,2012,Thursday,69,226,600,1969,400,1312,13.25,0,39,Sunny,2332
20054,Store E,21,214,1168900,0,55662,5462,11/30/2012,11,2012,Friday,69,226,600,1969,400,1312,13.19,0,42,Rainy,2129
20054,Store E,31,278,1980600,0,63890,7124,12/1/2012,12,2012,Saturday,69,226,600,1969,400,1312,13.12,0,35,Sunny,2587
20054,Store E,15,205,1167650,4500,77843,5696,12/2/2012,12,2012,Sunday,69,226,600,1969,400,1312,12.98,0,42,Cloudy,2534
20054,Store E,18,158,1947350,0,108186,12325,12/3/2012,12,2012,Monday,69,226,600,1969,400,1312,12.81,0,42,Snowy,2104
20054,Store E,13,163,1476000,0,113538,9055,12/4/2012,12,2012,Tuesday,69,226,600,1969,400,1312,13.02,0,32,Sunny,1684
20054,Store E,7,45,564900,0,80700,12553,12/5/2012,12,2012,Wednesday,69,226,600,1969,400,1312,13.2,0,32,Snowy,2534
20054,Store E,13,188,1580200,0,121554,8405,12/6/2012,12,2012,Thursday,69,226,600,1969,400,1312,13.16,0,26,Snowy,2546
20054,Store E,36,279,1304820,589580,36245,4677,12/7/2012,12,2012,Friday,69,226,600,1969,400,1312,13.13,0,28,Snowy,2440
20054,Store E,28,228,1757130,878870,62755,7707,12/8/2012,12,2012,Saturday,69,226,600,1969,400,1312,13.12,0,19,Sunny,2558
20054,Store E,24,272,1598280,491020,66595,5876,12/9/2012,12,2012,Sunday,69,226,600,1969,400,1312,13,0,17,Sunny,2478
20054,Store E,18,191,1077400,0,59856,5641,12/10/2012,12,2012,Monday,69,226,600,1969,400,1312,13.09,0,21,Sunny,1493
20054,Store E,14,59,753200,0,53800,12766,12/11/2012,12,2012,Tuesday,69,226,600,1969,400,1312,13.1,0,26,Sunny,1450
20054,Store E,9,148,714900,0,79433,4830,12/12/2012,12,2012,Wednesday,69,226,600,1969,400,1312,13.05,0,30,Sunny,18114
20054,Store E,23,294,1394800,0,60643,4744,12/13/2012,12,2012,Thursday,69,226,600,1969,400,1312,12.96,0,37,Sunny,1894
20054,Store E,17,169,1599200,0,94071,9463,12/14/2012,12,2012,Friday,69,226,600,1969,400,1312,12.85,0,37,Rainy,1937
20054,Store E,18,120,999500,4500,55528,8329,12/15/2012,12,2012,Saturday,69,226,600,1969,400,1312,12.83,0,44,Cloudy,2401
20054,Store E,26,359,2716700,0,104488,7567,12/16/2012,12,2012,Sunday,69,226,600,1969,400,1312,12.73,0,39,Cloudy,2533
20054,Store E,20,298,2293300,9000,114665,7696,12/17/2012,12,2012,Monday,69,226,600,1969,400,1312,12.52,0,37,Sunny,12119
20054,Store E,19,131,745300,0,39226,5689,12/18/2012,12,2012,Tuesday,69,226,600,1969,400,1312,12.65,0,24,Sunny,1593
20054,Store E,12,74,666500,0,55542,9007,12/19/2012,12,2012,Wednesday,69,226,600,1969,400,1312,12.76,0,24,Sunny,1572
20054,Store E,7,44,258300,0,36900,5870,12/20/2012,12,2012,Thursday,69,226,600,1969,400,1312,12.7,0,32,Sunny,1271
20054,Store E,12,137,1124100,0,93675,8205,12/21/2012,12,2012,Friday,69,226,600,1969,400,1312,12.74,0,32,Snowy,1611
20054,Store E,15,110,657300,0,43820,5975,12/22/2012,12,2012,Saturday,69,226,600,1969,400,1312,12.77,1,30,Cloudy,2257
20054,Store E,25,208,882200,0,35288,4241,12/23/2012,12,2012,Sunday,69,226,600,1969,400,1312,12.76,1,19,Sunny,1293
20054,Store E,20,153,1091000,0,54550,7131,12/24/2012,12,2012,Monday,69,226,600,1969,400,1312,12.76,1,21,Snowy,995
20054,Store E,20,90,673000,0,33650,7478,12/25/2012,12,2012,Tuesday,69,226,600,1969,400,1312,12.7,0,21,Snowy,1518
20054,Store E,10,68,1023300,0,102330,15049,12/26/2012,12,2012,Wednesday,69,226,600,1969,400,1312,12.65,0,17,Sunny,2930
20054,Store E,13,148,1329000,0,102231,8980,12/27/2012,12,2012,Thursday,69,226,600,1969,400,1312,12.61,0,28,Sunny,2007
20054,Store E,28,186,1577850,0,56352,8483,12/28/2012,12,2012,Friday,69,226,600,1969,400,1312,12.48,0,35,Snowy,1808
20054,Store E,24,140,1210600,0,50442,8647,12/29/2012,12,2012,Saturday,69,226,600,1969,400,1312,12.38,0,32,Snowy,2160
20054,Store E,23,206,2092800,18000,90991,10159,12/30/2012,12,2012,Sunday,69,226,600,1969,400,1312,12.41,0,32,Snowy,3015
20054,Store E,28,262,1738100,0,62075,6634,12/31/2012,12,2012,Monday,69,226,600,1969,400,1312,12.42,0,19,Sunny,2103
20054,Store E,29,205,1897100,0,65417,9254,1/1/2013,1,2013,Tuesday,69,226,600,1969,400,1312,12.29,0,32,Snowy,2054
20054,Store E,30,260,1916300,0,63877,7370,1/2/2013,1,2013,Wednesday,69,226,600,1969,400,1312,12.28,0,21,Sunny,3761
20054,Store E,20,286,1320200,0,66010,4616,1/3/2013,1,2013,Thursday,69,226,600,1969,400,1312,12.21,0,14,Sunny,3761
20054,Store E,28,218,1478300,4500,52796,6781,1/4/2013,1,2013,Friday,69,226,600,1969,400,1312,12.19,0,17,Sunny,2159
20054,Store E,30,334,2689100,0,89637,8051,1/5/2013,1,2013,Saturday,69,226,600,1969,400,1312,12.08,0,28,Snowy,1505
20054,Store E,18,142,914600,0,50811,6441,1/6/2013,1,2013,Sunday,69,226,600,1969,400,1312,11.9,0,24,Cloudy,1552
20054,Store E,16,142,959100,0,59944,6754,1/7/2013,1,2013,Monday,69,226,600,1969,400,1312,11.71,0,28,Cloudy,1097
20054,Store E,16,64,582600,0,36413,9103,1/8/2013,1,2013,Tuesday,69,226,600,1969,400,1312,11.96,0,28,Sunny,1019
20054,Store E,6,25,452800,0,75467,18112,1/9/2013,1,2013,Wednesday,69,226,600,1969,400,1312,12.15,0,17,Sunny,915
20054,Store E,12,166,762200,0,63517,4592,1/10/2013,1,2013,Thursday,69,226,600,1969,400,1312,12.12,0,23,Sunny,841
20054,Store E,9,87,617800,0,68644,7101,1/11/2013,1,2013,Friday,69,226,600,1969,400,1312,12.01,0,33,Cloudy,1103
20054,Store E,19,151,1313700,0,69142,8700,1/12/2013,1,2013,Saturday,69,226,600,1969,400,1312,11.85,1,39,Snowy,2301
20054,Store E,20,242,1298100,0,64905,5364,1/13/2013,1,2013,Sunday,69,226,600,1969,400,1312,11.7,1,32,Cloudy,1332
20054,Store E,17,90,899200,0,52894,9991,1/14/2013,1,2013,Monday,69,226,600,1969,400,1312,11.48,1,35,Cloudy,1490
20054,Store E,18,114,734200,0,40789,6440,1/15/2013,1,2013,Tuesday,69,226,600,1969,400,1312,11.66,0,35,Sunny,1522
20054,Store E,12,51,691700,0,57642,13563,1/16/2013,1,2013,Wednesday,69,226,600,1969,400,1312,11.87,0,32,Snowy,1409
20054,Store E,20,265,949670,359630,47484,3584,1/17/2013,1,2013,Thursday,69,226,600,1969,400,1312,11.97,0,24,Sunny,1442
20054,Store E,34,351,1417890,501710,41703,4040,1/18/2013,1,2013,Friday,69,226,600,1969,400,1312,11.88,0,32,Sunny,1717
20054,Store E,41,346,2158300,686700,52641,6238,1/19/2013,1,2013,Saturday,69,226,600,1969,400,1312,11.75,0,39,Sunny,2009
20054,Store E,32,287,1580890,546410,49403,5508,1/20/2013,1,2013,Sunday,69,226,600,1969,400,1312,11.66,0,39,Cloudy,2413
20054,Store E,18,290,780980,277020,43388,2693,1/21/2013,1,2013,Monday,69,226,600,1969,400,1312,11.53,0,39,Rainy,1877
20054,Store E,14,178,805954,0,57568,4528,1/22/2013,1,2013,Tuesday,69,226,600,1969,400,1312,11.74,0,41,Rainy,2085
20054,Store E,13,93,620400,0,47723,6671,1/23/2013,1,2013,Wednesday,69,226,600,1969,400,1312,11.93,0,37,Rainy,1798
20054,Store E,14,156,894300,0,63879,5733,1/24/2013,1,2013,Thursday,69,226,600,1969,400,1312,12.03,0,37,Snowy,1971
20054,Store E,21,131,1180500,0,56214,9011,1/25/2013,1,2013,Friday,69,226,600,1969,400,1312,11.94,0,21,Sunny,2719
20054,Store E,17,379,1323100,0,77829,3491,1/26/2013,1,2013,Saturday,69,226,600,1969,400,1312,11.82,0,21,Sunny,2638
20054,Store E,16,163,1249500,0,78094,7666,1/27/2013,1,2013,Sunday,69,226,600,1969,400,1312,11.69,0,24,Sunny,2467
20054,Store E,20,157,1123900,0,56195,7159,1/28/2013,1,2013,Monday,69,226,600,1969,400,1312,11.8,0,32,Cloudy,1859
20054,Store E,12,65,775500,9000,64625,11931,1/29/2013,1,2013,Tuesday,69,226,600,1969,400,1312,11.93,0,41,Snowy,1889
20054,Store E,13,114,767200,4200,59015,6730,1/30/2013,1,2013,Wednesday,69,226,600,1969,400,1312,11.96,0,48,Cloudy,1921
20054,Store E,17,273,1065200,0,62659,3902,1/31/2013,1,2013,Thursday,69,226,600,1969,400,1312,11.91,0,51,Sunny,1867
20054,Store E,12,119,727500,0,60625,6113,2/1/2013,2,2013,Friday,69,226,600,1969,400,1312,11.94,0,48,Rainy,1891
20054,Store E,10,58,1326800,0,132680,22876,2/2/2013,2,2013,Saturday,69,226,600,1969,400,1312,11.87,0,35,Sunny,2518
20054,Store E,18,125,1058200,0,58789,8466,2/3/2013,2,2013,Sunday,69,226,600,1969,400,1312,11.78,0,30,Snowy,3038
20054,Store E,16,201,1726700,9000,107919,8591,2/4/2013,2,2013,Monday,69,226,600,1969,400,1312,11.52,0,33,Snowy,3542
20054,Store E,18,89,701200,0,38956,7879,2/5/2013,2,2013,Tuesday,69,226,600,1969,400,1312,11.71,0,35,Snowy,
20054,Store E,13,123,1319700,0,101515,10729,2/6/2013,2,2013,Wednesday,69,226,600,1969,400,1312,11.7,0,33,Snowy,
20054,Store E,8,83,586400,0,73300,7065,2/7/2013,2,2013,Thursday,69,226,600,1969,400,1312,11.61,0,28,Sunny,
20054,Store E,8,63,568900,0,71113,9030,2/8/2013,2,2013,Friday,69,226,600,1969,400,1312,11.63,0,15,Sunny,
20054,Store E,15,168,1218500,0,81233,7253,2/9/2013,2,2013,Saturday,69,226,600,1969,400,1312,11.75,1,28,Sunny,
20054,Store E,25,400,1998000,4500,79920,4995,2/10/2013,2,2013,Sunday,69,226,600,1969,400,1312,11.74,1,28,Snowy,
20054,Store E,23,145,1810400,13800,78713,12486,2/11/2013,2,2013,Monday,69,226,600,1969,400,1312,11.63,1,26,cloudy,
20054,Store E,14,59,712700,0,50907,12080,2/12/2013,2,2013,Tuesday,69,226,600,1969,400,1312,11.73,0,28,cloudy,
20054,Store E,11,96,387800,0,35255,4040,2/13/2013,2,2013,Wednesday,69,226,600,1969,400,1312,11.62,0,35,cloudy,
20054,Store E,29,462,1393600,541900,48055,3016,2/14/2013,2,2013,Thursday,69,226,600,1969,400,1312,11.63,0,41,cloudy,
20054,Store E,25,488,1954550,763950,78182,4005,2/15/2013,2,2013,Friday,69,226,600,1969,400,1312,11.61,0,32,cloudy,
20054,Store E,23,267,1160460,447340,50455,4346,2/16/2013,2,2013,Saturday,69,226,600,1969,400,1312,11.6,0,33,Sunny,
20054,Store E,30,621,2671550,914850,89052,4302,2/17/2013,2,2013,Sunday,69,226,600,1969,400,1312,11.48,0,42,cloudy,
20054,Store E,34,445,1611340,556360,47392,3621,2/18/2013,2,2013,Monday,69,226,600,1969,400,1312,11.25,0,35,cloudy,
20054,Store E,18,85,854700,0,47483,10055,2/19/2013,2,2013,Tuesday,69,226,600,1969,400,1312,11.46,0,32,Sunny,
20054,Store E,16,100,723900,0,45244,7239,2/20/2013,2,2013,Wednesday,69,226,600,1969,400,1312,11.53,0,30,Sunny,
20054,Store E,15,235,1743500,0,116233,7419,2/21/2013,2,2013,Thursday,69,226,600,1969,400,1312,11.52,0,35,Sunny,
20054,Store E,13,159,1227500,0,94423,7720,2/22/2013,2,2013,Friday,69,226,600,1969,400,1312,11.62,0,39,Snowy,
20054,Store E,31,227,1371900,0,44255,6044,2/23/2013,2,2013,Saturday,69,226,600,1969,400,1312,11.63,0,35,Sunny,
20054,Store E,22,121,1808300,20700,82195,14945,2/24/2013,2,2013,Sunday,69,226,600,1969,400,1312,11.5,0,41,Sunny,
20054,Store E,23,165,1218600,0,52983,7385,2/25/2013,2,2013,Monday,69,226,600,1969,400,1312,11.33,0,44,cloudy,
20054,Store E,17,88,941500,0,55382,10699,2/26/2013,2,2013,Tuesday,69,226,600,1969,400,1312,11.47,0,46,Rainy,
20054,Store E,19,156,1132700,0,59616,7261,2/27/2013,2,2013,Wednesday,69,226,600,1969,400,1312,11.82,0,44,Cloudy,
20054,Store E,17,75,592600,0,34859,7901,2/28/2013,2,2013,Thursday,69,226,600,1969,400,1312,11.81,0,55,Rainy,
20054,Store E,21,222,1166200,0,55533,5253,3/1/2013,3,2013,Friday,69,226,600,1969,400,1312,11.72,0,44,Rainy,
20054,Store E,17,161,1119500,0,65853,6953,3/2/2013,3,2013,Saturday,69,226,600,1969,400,1312,11.66,0,35,Sunny,
20054,Store E,14,72,816400,0,58314,11339,3/3/2013,3,2013,Sunday,69,226,600,1969,400,1312,11.57,0,39,Sunny,
20054,Store E,11,278,1907400,6900,173400,6861,3/4/2013,3,2013,Monday,69,226,600,1969,400,1312,11.33,0,46,Sunny,
20054,Store E,14,89,1075400,0,76814,12083,3/5/2013,3,2013,Tuesday,69,226,600,1969,400,1312,11.54,0,46,Sunny,
20054,Store E,11,150,1221700,0,111064,8145,3/6/2013,3,2013,Wednesday,69,226,600,1969,400,1312,11.64,0,57,Sunny,
20054,Store E,13,86,1861700,0,143208,21648,3/7/2013,3,2013,Thursday,69,226,600,1969,400,1312,11.59,0,51,Rainy,
20054,Store E,22,237,1581700,6900,71895,6674,3/8/2013,3,2013,Friday,69,226,600,1969,400,1312,11.52,0,55,Cloudy,
20054,Store E,19,298,1994300,4500,104963,6692,3/9/2013,3,2013,Saturday,69,226,600,1969,400,1312,11.4,0,71,Cloudy,
20054,Store E,21,176,1669700,6900,79510,9487,3/10/2013,3,2013,Sunday,69,226,600,1969,400,1312,11.34,0,44,Sunny,
20054,Store E,13,176,1845100,4500,141931,10484,3/11/2013,3,2013,Monday,69,226,600,1969,400,1312,11.21,0,50,Sunny,
20054,Store E,17,191,951400,0,55965,4981,3/12/2013,3,2013,Tuesday,69,226,600,1969,400,1312,11.37,0,53,Rainy,
20054,Store E,19,139,1079100,0,56795,7763,3/13/2013,3,2013,Wednesday,69,226,600,1969,400,1312,11.37,0,46,Rainy,
20054,Store E,13,241,1405120,461280,108086,5830,3/14/2013,3,2013,Thursday,69,226,600,1969,400,1312,11.43,0,46,Sunny,
20054,Store E,31,336,3201840,902060,103285,9529,3/15/2013,3,2013,Friday,69,226,600,1969,400,1312,11.49,0,48,Sunny,
20054,Store E,37,961,3611280,1129520,97602,3758,3/16/2013,3,2013,Saturday,69,226,600,1969,400,1312,11.56,0,51,Sunny,
